{
  "token_acc":1.0,
  "ents_p":0.7625413403,
  "ents_r":0.8318079976,
  "ents_f":0.7956700207,
  "speed":2618.1955957048,
  "ents_per_type":{
    "problem":{
      "p":0.7498746239,
      "r":0.7880105402,
      "f":0.7684697417
    },
    "treatment":{
      "p":0.6930606282,
      "r":0.8302415121,
      "f":0.755474162
    },
    "person":{
      "p":0.8575382612,
      "r":0.8513011152,
      "f":0.8544083056
    },
    "test":{
      "p":0.7286194258,
      "r":0.8414462081,
      "f":0.7809788836
    },
    "pronoun":{
      "p":0.9398682043,
      "r":0.9735494881,
      "f":0.9564124057
    }
  }
}